ID,Username,Email,Password,Phone Number,First Name,Last Name,Permissions
31,alex_johnson,alex.johnson@email.com,UserPass123!,+1-555-0201,Alex,Johnson,active_user
32,sarah_wilson,sarah.wilson@email.com,UserPass123!,+1-555-0202,Sarah,Wilson,active_user
33,mike_brown,mike.brown@email.com,UserPass123!,+1-555-0203,Mike,Brown,active_user
34,emily_davis,emily.davis@email.com,UserPass123!,+1-555-0204,Emily,Davis,active_user
35,david_miller,david.miller@email.com,UserPass123!,+1-555-0205,David,Miller,active_user
36,lisa_taylor,lisa.taylor@email.com,UserPass123!,+1-555-0206,Lisa,Taylor,active_user
37,kevin_anderson,kevin.anderson@email.com,UserPass123!,+1-555-0207,Kevin,Anderson,active_user
38,amanda_thomas,amanda.thomas@email.com,UserPass123!,+1-555-0208,Amanda,Thomas,active_user
39,brian_jackson,brian.jackson@email.com,UserPass123!,+1-555-0209,Brian,Jackson,active_user
40,olivia_white,olivia.white@email.com,UserPass123!,+1-555-0210,Olivia,White,active_user
41,jason_harris,jason.harris@email.com,UserPass123!,+1-555-0211,Jason,Harris,active_user
42,sophia_martin,sophia.martin@email.com,UserPass123!,+1-555-0212,Sophia,Martin,active_user
43,ryan_thompson,ryan.thompson@email.com,UserPass123!,+1-555-0213,Ryan,Thompson,active_user
44,ava_garcia,ava.garcia@email.com,UserPass123!,+1-555-0214,Ava,Garcia,active_user
45,eric_martinez,eric.martinez@email.com,UserPass123!,+1-555-0215,Eric,Martinez,active_user
46,chloe_robinson,chloe.robinson@email.com,UserPass123!,+1-555-0216,Chloe,Robinson,active_user
47,adam_clark,adam.clark@email.com,UserPass123!,+1-555-0217,Adam,Clark,active_user
48,mia_rodriguez,mia.rodriguez@email.com,UserPass123!,+1-555-0218,Mia,Rodriguez,active_user
49,nathan_lewis,nathan.lewis@email.com,UserPass123!,+1-555-0219,Nathan,Lewis,active_user
50,zoe_lee,zoe.lee@email.com,UserPass123!,+1-555-0220,Zoe,Lee,active_user
51,tyler_walker,tyler.walker@email.com,UserPass123!,+1-555-0221,Tyler,Walker,active_user
52,grace_hall,grace.hall@email.com,UserPass123!,+1-555-0222,Grace,Hall,active_user
53,jordan_allen,jordan.allen@email.com,UserPass123!,+1-555-0223,Jordan,Allen,active_user
54,lily_young,lily.young@email.com,UserPass123!,+1-555-0224,Lily,Young,active_user
55,aaron_king,aaron.king@email.com,UserPass123!,+1-555-0225,Aaron,King,active_user
56,hannah_wright,hannah.wright@email.com,UserPass123!,+1-555-0226,Hannah,Wright,active_user
57,caleb_scott,caleb.scott@email.com,UserPass123!,+1-555-0227,Caleb,Scott,active_user
58,ella_green,ella.green@email.com,UserPass123!,+1-555-0228,Ella,Green,active_user
59,logan_baker,logan.baker@email.com,UserPass123!,+1-555-0229,Logan,Baker,active_user
60,aria_adams,aria.adams@email.com,UserPass123!,+1-555-0230,Aria,Adams,active_user
61,owen_nelson,owen.nelson@email.com,UserPass123!,+1-555-0231,Owen,Nelson,active_user
62,scarlett_carter,scarlett.carter@email.com,UserPass123!,+1-555-0232,Scarlett,Carter,active_user
63,julian_mitchell,julian.mitchell@email.com,UserPass123!,+1-555-0233,Julian,Mitchell,active_user
64,penelope_perez,penelope.perez@email.com,UserPass123!,+1-555-0234,Penelope,Perez,active_user
65,leo_roberts,leo.roberts@email.com,UserPass123!,+1-555-0235,Leo,Roberts,active_user
66,stella_turner,stella.turner@email.com,UserPass123!,+1-555-0236,Stella,Turner,active_user
67,ezra_phillips,ezra.phillips@email.com,UserPass123!,+1-555-0237,Ezra,Phillips,active_user
68,victoria_campbell,victoria.campbell@email.com,UserPass123!,+1-555-0238,Victoria,Campbell,active_user
69,mateo_parker,mateo.parker@email.com,UserPass123!,+1-555-0239,Mateo,Parker,active_user
70,luna_evans,luna.evans@email.com,UserPass123!,+1-555-0240,Luna,Evans,active_user
71,elias_edwards,elias.edwards@email.com,UserPass123!,+1-555-0241,Elias,Edwards,active_user
72,aurora_collins,aurora.collins@email.com,UserPass123!,+1-555-0242,Aurora,Collins,active_user
73,rowan_stewart,rowan.stewart@email.com,UserPass123!,+1-555-0243,Rowan,Stewart,active_user
74,clara_sanchez,clara.sanchez@email.com,UserPass123!,+1-555-0244,Clara,Sanchez,active_user
75,xavier_morris,xavier.morris@email.com,UserPass123!,+1-555-0245,Xavier,Morris,active_user
76,hazel_rogers,hazel.rogers@email.com,UserPass123!,+1-555-0246,Hazel,Rogers,active_user
77,ezra_reed,ezra.reed@email.com,UserPass123!,+1-555-0247,Ezra,Reed,active_user
78,willow_cook,willow.cook@email.com,UserPass123!,+1-555-0248,Willow,Cook,active_user
79,kai_morgan,kai.morgan@email.com,UserPass123!,+1-555-0249,Kai,Morgan,active_user
80,nova_bell,nova.bell@email.com,UserPass123!,+1-555-0250,Nova,Bell,active_user